1,2,3,4,5,6,7,8,9,10,11,12,13,14,15,16,17,18,19,20,21,22,23,24,25
Y66_1_Y313_7,N77_1_G73_1, N77_1_G73_1,Y66_1_Y313_7,N77_1_G73_1,Y66_1_Y313_7,N77_1_G73_1,N77_1_G73_1,Y66_1_Y313_7,N77_1_G73_1,Y66_1_Y313_7,N77_1_G73_1,N77_1_G73_1,N77_1_G73_1,Y66_1_Y313_7,N77_1_G73_1,N77_1_G73_1,N77_1_G73_1,Y66_1_M112_2,N77_1_G73_1,Y66_1_Y313_7,Y66_1_M112_2,N77_1_G73_1,N77_1_G73_1,N77_1_G73_1
N77_1_G73_1,N77_1_S323_7, N77_1_S323_7,N77_1_G73_1,N77_1_S323_7,N77_1_G73_1,N77_1_S323_7,N77_1_S323_7,N77_1_G73_1,N77_1_S323_7,N77_1_G73_1,N77_1_S323_7,N77_1_S323_7,N77_1_S323_7,N77_1_G73_1,N77_1_S323_7,N77_1_S323_7,N77_1_S323_7,Y66_1_S116_2,N77_1_S323_7,N77_1_G73_1,Y66_1_S116_2,N77_1_S323_7,N77_1_S323_7,N77_1_S323_7
N77_1_S323_7,T94_2_N95_2, Q115_2_T111_2,N77_1_S323_7,Y97_2_D155_3,N77_1_S323_7,Q115_2_T111_2,T94_2_N95_2,N77_1_S323_7,T94_2_N95_2,N77_1_S323_7,T111_2_D138_3,N100_2_T148_3,T94_2_N95_2,N77_1_S323_7,Q115_2_Y320_7,Q115_2_Y320_7,T94_2_N95_2,N77_1_G73_1,Q115_2_Y320_7,N77_1_S323_7,N77_1_G73_1,N100_2_I96_2,T94_2_N95_2,T94_2_N95_2
T111_2_D138_3,Q115_2_Y320_7, Q115_2_Y320_7,Q115_2_Y320_7,Y97_2_D155_3_2,Q115_2_Y320_7,Q115_2_Y320_7,Y97_2_D155_3,N100_2_I96_2,Y97_2_D155_3,T94_2_N95_2,Q115_2_Y320_7,Q115_2_T111_2,T111_2_D138_3,T94_2_N95_2,F126_3_D128_3,F126_3_D128_3,Y97_2_D155_3,N77_1_S323_7,F126_3_D128_3,Q115_2_Y320_7,N77_1_S323_7,N100_2_N179_4,Y97_2_D155_3,N100_2_I96_2
Q115_2_D138_3,F126_3_D128_3, F126_3_D128_3,N122_2_Y119_2,N100_2_I96_2,N122_2_Y119_2,F126_3_D128_3,N100_2_T148_3,N100_2_N179_4,Q115_2_Y320_7,Y97_2_D155_3,F126_3_D128_3,Q115_2_Y320_7,Q115_2_T111_2,Q115_2_Y320_7,K132_3_V195_4,K132_3_D128_3,Y119_2_L309_7,T94_2_N95_2,K132_3_I194_4,N122_2_Y119_2,T94_2_N95_2,Q115_2_T111_2,Y119_2_L309_7,Q115_2_T111_2
Q115_2_D138_3_2,K132_3_V195_4, K132_3_I194_4,F126_3_D128_3,Q115_2_D138_3,F126_3_D128_3,K132_3_I194_4,Q115_2_D138_3,Q115_2_Y320_7,F126_3_D128_3,N100_2_I96_2,K132_3_V195_4,F126_3_D128_3,Q115_2_Y320_7,Y119_2_Q115_2,K132_3_L196_4,Y140_3_W183_4,K132_3_I194_4,Y97_2_D155_3,Y140_3_W183_4,F126_3_D128_3,Y97_2_D155_3,Q115_2_Y320_7,K132_3_I194_4,Q115_2_Y320_7
Q115_2_Y320_7,Y140_3_W183_4, K132_3_V195_4,K132_3_I194_4,Q115_2_Y320_7,K132_3_I194_4,K132_3_V195_4,Q115_2_Y320_7,Y119_2_Q115_2,K132_3_D128_3,Q115_2_Y320_7,Y140_3_W183_4,K132_3_I194_4,F126_3_D128_3,N122_2_Y119_2,N141_3_I137_3,N141_3_I137_3,K132_3_V195_4,Q115_2_Y320_7,N141_3_I137_3,K132_3_D128_3,Q115_2_Y320_7,F126_3_D128_3,K132_3_V195_4,N122_2_Y119_2
N122_2_Y119_2,R156_3_Y330_7, N141_3_I137_3,K132_3_V195_4,F126_3_D128_3,Y140_3_W183_4,N141_3_I137_3,F126_3_D128_3,N122_2_Y119_2,N141_3_I137_3,F126_3_D128_3,N141_3_I137_3,Y140_3_W183_4,K132_3_I194_4,F126_3_D128_3,R156_3_D334_7,S153_3_Y246_5,Y140_3_W183_4,S116_2_Y313_7,S145_3_D105_2,Y140_3_W183_4,S116_2_Y313_7,K132_3_D128_3,Y140_3_W183_4,F126_3_D128_3
F126_3_D128_3,R156_3_D334_7, R156_3_D334_7,N141_3_I137_3,K132_3_V195_4,N141_3_I137_3,S153_3_Y246_5,K132_3_L196_4,F126_3_D128_3,S145_3_D105_2,K132_3_I194_4,S153_3_Y246_5,N141_3_I137_3,K132_3_V195_4,K132_3_I194_4,R156_3_D334_7_2,R156_3_D334_7,N141_3_A104_2,K132_3_V195_4,S153_3_Y246_5,R156_3_D334_7,K132_3_V195_4,Y140_3_W183_4,N141_3_A104_2,K132_3_V195_4
K132_3_I194_4,R156_3_D334_7_2, R156_3_D334_7_2,S153_3_Y246_5,K132_3_L196_4,S153_3_Y246_5,R156_3_M152_3,N141_3_I137_3,K132_3_D128_3,R156_3_D334_7,K132_3_V195_4,R156_3_D334_7,R156_3_D334_7,S153_3_Y246_5,K132_3_V195_4,R156_3_D334_7_3,R156_3_D334_7_2,T144_3_S186_4,K132_3_L196_4,R156_3_D334_7,R156_3_D334_7_2,K132_3_L196_4,R156_3_D334_7,T144_3_S186_4,Y140_3_W183_4
Y140_3_W183_4,K174_4_Y97_2, K174_4_D155_3,R156_3_D334_7,Y140_3_W183_4,R156_3_M152_3,R156_3_M152_3_2,S145_3_D105_2,Y140_3_W183_4,K174_4_D155_3,R156_3_D334_7,R156_3_D334_7_2,K174_4_D155_3,R156_3_M152_3,Y140_3_W183_4,K174_4_Y97_2,K174_4_Y97_2,T150_3_M151_3,K132_3_L196_4_2,R156_3_D334_7_2,K174_4_Y97_2,K132_3_L196_4_2,R156_3_D334_7_2,T150_3_M151_3,N141_3_I137_3
N141_3_I137_3,K174_4_D155_3, K174_4_D155_3_2,R156_3_D334_7_2,N141_3_I137_3,R156_3_M152_3_2,R156_3_D334_7,R156_3_D334_7,R156_3_Y330_7,K174_4_D155_3_2,R156_3_D334_7_2,K174_4_Y97_2,K174_4_D155_3_2,R156_3_D334_7,N141_3_I137_3,K174_4_D155_3,K174_4_D155_3,R156_3_D334_7,T144_3_S186_4,K174_4_D155_3,K174_4_D155_3,T144_3_S186_4,K174_4_D155_3,R156_3_D334_7,R156_3_D334_7
R156_3_Y330_7,N179_4_N100_2, K176_4_N179_4,K174_4_D155_3,S145_3_D105_2,R156_3_D334_7,R156_3_D334_7_2,R156_3_D334_7_2,R156_3_D334_7,K174_4_D155_3_3,K174_4_D155_3,K174_4_D155_3,K176_4_N179_4,K174_4_D155_3,R156_3_Y330_7,K174_4_D155_3_2,K174_4_D155_3_2,R156_3_M152_3,S145_3_D105_2,K174_4_D155_3_2,K174_4_D155_3_2,S145_3_D105_2,K174_4_D155_3_2,R156_3_M152_3,K174_4_Y97_2
R156_3_D334_7,W183_4_N100_2, W183_4_N100_2,K174_4_D155_3_2,R156_3_D334_7,K174_4_D155_3,K174_4_Y97_2,K174_4_D155_3,K174_4_D155_3,N179_4_N100_2,K174_4_D155_3_2,K174_4_D155_3_2,W183_4_N100_2,K176_4_N179_4,R156_3_D334_7,W183_4_N100_2,N179_4_N100_2,R156_3_D334_7_2,T148_3_N100_2,K174_4_D155_3_3,N179_4_N100_2,T148_3_N100_2,R252_5_L248_5,R156_3_D334_7_2,K174_4_D155_3
R156_3_D334_7_2,Y219_5_D223_5, S186_4_T144_3,K176_4_N179_4,R156_3_D334_7_2,K174_4_D155_3_2,K174_4_D155_3,K174_4_D155_3_2,K174_4_D155_3_2,S186_4_T144_3,K174_4_D155_3_3,N179_4_N100_2,S186_4_T144_3,N179_4_N100_2,K176_4_N179_4,Y219_5_D223_5,S220_5_D218_5,R156_3_D334_7_3,R156_3_D334_7,K176_4_N100_2,W183_4_N100_2,R156_3_D334_7,R252_5_Y157_3,R156_3_D334_7_3,K176_4_N100_2
K174_4_D155_3,Y246_5_S153_3, Y246_5_Y330_7,W183_4_N100_2,K174_4_D155_3,K176_4_N179_4,K174_4_D155_3_2,K174_4_D155_3_3,Y219_5_D223_5,Y246_5_S153_3,K176_4_N100_2,Y219_5_D223_5,R252_5_L248_5,W183_4_N100_2,W183_4_N100_2,Y246_5_S153_3,S220_5_D218_5_2,R170_4_K174_4,R156_3_D334_7_2,R252_5_V160_3,Y219_5_D223_5,R156_3_D334_7_2,R252_5_Y157_3_2,R170_4_K174_4,Y219_5_D223_5
K174_4_D155_3_2,R252_5_L248_5, R252_5_L248_5,S186_4_T144_3,K176_4_N100_2,W183_4_N100_2,K176_4_N179_4,N179_4_N100_2,Y246_5_S153_3,R252_5_V160_3,S186_4_T144_3,S220_5_D218_5,R252_5_Y157_3,S186_4_T144_3,Y219_5_D223_5,R252_5_V160_3,R252_5_L248_5,K174_4_D155_3,R156_3_D334_7_3,R252_5_Y157_3,Y246_5_S153_3,R156_3_D334_7_3,R252_5_M249_5,K174_4_D155_3,R252_5_L248_5
K176_4_N179_4,R252_5_Y157_3, R252_5_Y157_3,R252_5_L248_5,S186_4_T144_3,S186_4_T144_3,W183_4_N100_2,S186_4_T144_3,R252_5_L248_5,R257_5_D266_6,R252_5_V160_3,S220_5_D218_5_2,R252_5_Y157_3_2,K227_5_I294_6,Y246_5_S153_3,R257_5_D266_6,R252_5_Y157_3,K174_4_D155_3_2,R170_4_K174_4,R257_5_D266_6,Y246_5_Y330_7,R170_4_K174_4,R257_5_D266_6,K174_4_D155_3_2,R252_5_Y157_3
W183_4_N100_2,R252_5_Y157_3_2, R252_5_Y157_3_2,R252_5_Y157_3,R252_5_V160_3,R252_5_L248_5,S186_4_T144_3,Y219_5_L196_4,R252_5_Y157_3,R257_5_D266_6_2,R257_5_D266_6,K227_5_I294_6,R252_5_M249_5,R252_5_L248_5,R252_5_L248_5,R257_5_D266_6_2,R257_5_D266_6,N179_4_I96_2,K174_4_D155_3,R257_5_D266_6_2,R252_5_L248_5,K174_4_D155_3,R257_5_D266_6_2,N179_4_I96_2,R252_5_Y157_3_2
S186_4_T144_3,R252_5_M249_5, R252_5_M249_5,R252_5_Y157_3_2,R252_5_Y157_3,R252_5_Y157_3,R252_5_L248_5,Y246_5_T273_6,R252_5_Y157_3_2,W287_6_N322_7,R257_5_D266_6_2,R252_5_L248_5,R257_5_D266_6,R252_5_Y157_3,R252_5_Y157_3,W287_6_N322_7,R267_6_D266_6,W183_4_N100_2,K174_4_D155_3_2,W287_6_N322_7,R252_5_Y157_3,K174_4_D155_3_2,R267_6_D266_6,W183_4_N100_2,R252_5_M249_5
Y219_5_D223_5,R257_5_D266_6, R257_5_D266_6,R252_5_M249_5,R257_5_D266_6,R252_5_Y157_3_2,R252_5_Y157_3,R252_5_L248_5,R252_5_M249_5,Y320_7_D138_3,W287_6_N322_7,R252_5_Y157_3,R257_5_D266_6_2,R257_5_D266_6,R252_5_Y157_3_2,H291_6_W287_6,L269_6_N268_6,L224_5_D223_5,K174_4_D155_3_3,H291_6_W287_6,R252_5_Y157_3_2,K174_4_D155_3_3,R267_6_D266_6_2,K227_5_L299_6,R257_5_D266_6
Y246_5_S153_3,R257_5_D266_6_2, R257_5_D266_6_2,R257_5_D266_6,R257_5_D266_6_2,R252_5_M249_5,R257_5_D266_6,R252_5_M249_5,R257_5_D266_6,N322_7_N326_7,H291_6_W287_6,R257_5_D266_6,W287_6_N322_7,R257_5_D266_6_2,R252_5_M249_5,Y320_7_Q115_2,H291_6_W287_6,K227_5_D223_5,W183_4_N100_2,Y320_7_Q115_2,R252_5_M249_5,W183_4_N100_2,R270_6_D266_6,R252_5_Y157_3,R270_6_D266_6
R252_5_L248_5,R267_6_N268_6, R267_6_D266_6,R257_5_D266_6_2,W287_6_N322_7,R257_5_D266_6,R267_6_D266_6,R257_5_D266_6,R257_5_D266_6_2,S323_7_D105_2,Y320_7_D138_3,R257_5_D266_6_2,Y320_7_D138_3,R267_6_N268_6,R257_5_D266_6,N322_7_N326_7,Y320_7_D138_3,K227_5_L299_6,K227_5_D223_5,N322_7_G319_7,R267_6_D266_6,K227_5_D223_5,W287_6_G319_7,R252_5_Y157_3_2,Y320_7_D138_3
R252_5_Y157_3,R270_6_D266_6, R267_6_D266_6_2,R270_6_D266_6,H291_6_W287_6,R257_5_D266_6_2,L269_6_N268_6,R257_5_D266_6_2,R267_6_N268_6,N326_7_D105_2,N326_7_D105_2,R267_6_N268_6,Y320_7_D138_3_2,W287_6_N322_7,R257_5_D266_6_2,N326_7_D105_2,Y320_7_D138_3_2,R252_5_Y157_3,R252_5_Y157_3,N326_7_D105_2,R270_6_D266_6,R252_5_Y157_3,Y320_7_D138_3,L269_6_D266_6,Y320_7_D138_3_2
R252_5_Y157_3_2,R270_6_D266_6_2, R270_6_D266_6,R270_6_D266_6_2,Y320_7_D138_3,R270_6_D266_6,W287_6_G319_7,R257_5_D266_6_3,R270_6_D266_6,N326_7_N322_7,N326_7_N322_7,H291_6_W287_6,S323_7_D105_2,H291_6_W287_6,R267_6_N268_6,N326_7_N322_7,N326_7_D105_2,R252_5_Y157_3_2,R252_5_Y157_3_2,N326_7_D105_2_2,R270_6_D266_6_2,R252_5_Y157_3_2,Y320_7_D138_3_2,R270_6_D266_6,S323_7_D105_2
R252_5_M249_5,R270_6_D266_6_3, W287_6_G319_7,R270_6_D266_6_3,Y320_7_D138_3_2,R270_6_D266_6_2,Y320_7_D138_3,R270_6_D266_6,R270_6_D266_6_2,Y330_7_S153_3,Y330_7_S153_3,Y320_7_D138_3,N326_7_N322_7,Y320_7_D138_3,R270_6_D266_6,Y330_7_S153_3,,L269_6_D266_6,R270_6_D266_6,N326_7_N322_7,R270_6_D266_6_3,R270_6_D266_6,N322_7_W287_6,R270_6_A159_3,N326_7_D105_2
R257_5_D266_6,W287_6_N322_7, Y320_7_D138_3,R271_6_L333_7,N326_7_D105_2,R270_6_D266_6_3,Y320_7_D138_3_2,R270_6_D266_6_2,R270_6_D266_6_3,,Y330_7_Y246_5,Y320_7_D138_3_2,N326_7_N322_7_2,Y320_7_D138_3_2,R270_6_D266_6_2,,,R270_6_D266_6,R270_6_V160_3,,R271_6_L333_7,R270_6_V160_3,S323_7_D105_2,R271_6_N268_6,
R257_5_D266_6_2,H291_6_W287_6, Y320_7_D138_3_2,H291_6_W287_6,N326_7_D105_2_2,R271_6_L333_7,N326_7_D105_2,R270_6_D266_6_3,W287_6_N322_7,,,N322_7_N326_7,,N322_7_N326_7,R270_6_D266_6_3,,,R270_6_A159_3,R271_6_N268_6,,W287_6_N322_7,R271_6_N268_6,Y330_7_Y246_5,R274_6_Y246_5,
R267_6_N268_6,Y320_7_D138_3, N322_7_W287_6,Y320_7_D138_3,N326_7_N322_7,H291_6_W287_6,,W287_6_N322_7,H291_6_W287_6,,,N326_7_D105_2,,N326_7_D105_2,W287_6_N322_7,,,R271_6_N268_6,R274_6_M249_5,,H291_6_W287_6,R274_6_M249_5,,S323_7_D105_2,
R270_6_D266_6,Y320_7_D138_3_2, S323_7_D105_2,Y320_7_D138_3_2,Y330_7_S153_3,Y320_7_D138_3,,Y320_7_D138_3,Y320_7_D138_3,,,,,N326_7_N322_7,H291_6_W287_6,,,R274_6_Y246_5,R274_6_I250_5,,Y320_7_D138_3,R274_6_I250_5,,N326_7_D105_2,
R270_6_D266_6_2,N322_7_G319_7, N326_7_D105_2,N322_7_F283_6,Y330_7_Y246_5,Y320_7_D138_3_2,,Y320_7_D138_3_2,Y320_7_D138_3_2,,,,,,Y320_7_D138_3,,,S323_7_D105_2,W287_6_L318_7,,Y320_7_D138_3_2,W287_6_L318_7,,Y330_7_N326_7,
R270_6_D266_6_3,N326_7_D105_2,,N326_7_D105_2,,N322_7_F283_6,,N326_7_D105_2,N322_7_G319_7,,,,,,Y320_7_D138_3_2,,,N326_7_D105_2,Y312_7_I294_6,,N322_7_G319_7,Y312_7_I294_6,,,
W287_6_N322_7,N326_7_N322_7,,Y330_7_Y246_5,,S323_7_D105_2,,N326_7_D105_2_2,N326_7_D105_2,,,,,,N322_7_G319_7,,,Y330_7_N326_7,S323_7_D105_2,,S323_7_D105_2,S323_7_D105_2,,,
H291_6_W287_6,,,,,N326_7_D105_2,,N326_7_N322_7,N326_7_N322_7,,,,,,N326_7_D105_2,,,,N326_7_D105_2,,N326_7_D105_2,N326_7_D105_2,,,
Y320_7_D138_3,,,,,N326_7_D105_2_2,,,,,,,,,N326_7_N322_7,,,,Y330_7_N326_7,,N326_7_N322_7,Y330_7_N326_7,,,
Y320_7_D138_3_2,,,,,Y330_7_Y246_5,,,,,,,,,,,,,,,,,,,
N322_7_N326_7,,,,,,,,,,,,,,,,,,,,,,,,
N326_7_D105_2,,,,,,,,,,,,,,,,,,,,,,,,
